{
  "manifest_version": 3,
  "name": "edit-business-crawler",
  "version": "2.0.0",
  "description": "小红书数据采集并同步到 edit-business 系统",
  "permissions": [
    "activeTab",
    "scripting",
    "storage"
  ],
  "host_permissions": [
    "*://www.xiaohongshu.com/*",
    "*://localhost:8084/*",
    "*://edit.crazyaigc.com/*"
  ],
  "action": {
    "default_icon": {
      "16": "images/icon16.png",
      "48": "images/icon48.png",
      "128": "images/icon128.png"
    }
  },
  "icons": {
    "16": "images/icon16.png",
    "48": "images/icon48.png",
    "128": "images/icon128.png"
  },
  "content_scripts": [{
    "matches": ["*://www.xiaohongshu.com/*"],
    "js": ["content.js"]
  }],
  "background": {
    "service_worker": "background.js"
  },
  "side_panel": {
    "default_path": "sidebar.html"
  }
}
